{
  "ASCII Anti Aliased": true,
  "ASCII Ligatures": false,
  "Ambiguous Double Width": false,
  "Ansi 0 Color": {
    "Alpha Component": 1,
    "Blue Component": 0.35294117647058826,
    "Color Space": "sRGB",
    "Green Component": 0.2784313725490196,
    "Red Component": 0.27058823529411763
  },
  "Ansi 1 Color": {
    "Alpha Component": 1,
    "Blue Component": 0.6588235294117647,
    "Color Space": "sRGB",
    "Green Component": 0.5450980392156862,
    "Red Component": 0.9529411764705882
  },
  "Ansi 10 Color": {
    "Alpha Component": 1,
    "Blue Component": 0.6313725490196078,
    "Color Space": "sRGB",
    "Green Component": 0.8901960784313725,
    "Red Component": 0.6509803921568628
  },
  "Ansi 11 Color": {
    "Alpha Component": 1,
    "Blue Component": 0.6862745098039216,
    "Color Space": "sRGB",
    "Green Component": 0.8862745098039215,
    "Red Component": 0.9764705882352941
  },
  "Ansi 12 Color": {
    "Alpha Component": 1,
    "Blue Component": 0.9803921568627451,
    "Color Space": "sRGB",
    "Green Component": 0.7058823529411765,
    "Red Component": 0.5372549019607843
  },
  "Ansi 13 Color": {
    "Alpha Component": 1,
    "Blue Component": 0.9058823529411765,
    "Color Space": "sRGB",
    "Green Component": 0.7607843137254902,
    "Red Component": 0.9607843137254902
  },
  "Ansi 14 Color": {
    "Alpha Component": 1,
    "Blue Component": 0.8352941176470589,
    "Color Space": "sRGB",
    "Green Component": 0.8862745098039215,
    "Red Component": 0.5803921568627451
  },
  "Ansi 15 Color": {
    "Alpha Component": 1,
    "Blue Component": 0.7843137254901961,
    "Color Space": "sRGB",
    "Green Component": 0.6784313725490196,
    "Red Component": 0.6509803921568628
  },
  "Ansi 2 Color": {
    "Alpha Component": 1,
    "Blue Component": 0.6313725490196078,
    "Color Space": "sRGB",
    "Green Component": 0.8901960784313725,
    "Red Component": 0.6509803921568628
  },
  "Ansi 3 Color": {
    "Alpha Component": 1,
    "Blue Component": 0.6862745098039216,
    "Color Space": "sRGB",
    "Green Component": 0.8862745098039215,
    "Red Component": 0.9764705882352941
  },
  "Ansi 4 Color": {
    "Alpha Component": 1,
    "Blue Component": 0.9803921568627451,
    "Color Space": "sRGB",
    "Green Component": 0.7058823529411765,
    "Red Component": 0.5372549019607843
  },
  "Ansi 5 Color": {
    "Alpha Component": 1,
    "Blue Component": 0.9058823529411765,
    "Color Space": "sRGB",
    "Green Component": 0.7607843137254902,
    "Red Component": 0.9607843137254902
  },
  "Ansi 6 Color": {
    "Alpha Component": 1,
    "Blue Component": 0.8352941176470589,
    "Color Space": "sRGB",
    "Green Component": 0.8862745098039215,
    "Red Component": 0.5803921568627451
  },
  "Ansi 7 Color": {
    "Alpha Component": 1,
    "Blue Component": 0.8705882352941177,
    "Color Space": "sRGB",
    "Green Component": 0.7607843137254902,
    "Red Component": 0.7294117647058823
  },
  "Ansi 8 Color": {
    "Alpha Component": 1,
    "Blue Component": 0.4392156862745098,
    "Color Space": "sRGB",
    "Green Component": 0.3568627450980392,
    "Red Component": 0.34509803921568627
  },
  "Ansi 9 Color": {
    "Alpha Component": 1,
    "Blue Component": 0.6588235294117647,
    "Color Space": "sRGB",
    "Green Component": 0.5450980392156862,
    "Red Component": 0.9529411764705882
  },
  "BM Growl": true,
  "Background Color": {
    "Alpha Component": 1,
    "Blue Component": 0.1803921568627451,
    "Color Space": "sRGB",
    "Green Component": 0.11764705882352941,
    "Red Component": 0.11764705882352941
  },
  "Background Image Location": "",
  "Background Image Mode": 0,
  "Badge Color": {
    "Alpha Component": 0.5,
    "Blue Component": 0,
    "Color Space": "sRGB",
    "Green Component": 0.14910027384757996,
    "Red Component": 1
  },
  "Blinking Cursor": false,
  "Blur": false,
  "Blur Radius": 0.1,
  "Bold Color": {
    "Alpha Component": 1,
    "Blue Component": 0.9568627450980393,
    "Color Space": "sRGB",
    "Green Component": 0.8392156862745098,
    "Red Component": 0.803921568627451
  },
  "Character Encoding": 4,
  "Close Sessions On End": true,
  "Columns": 80,
  "Command": "",
  "Cursor Color": {
    "Alpha Component": 1,
    "Blue Component": 0.8627450980392157,
    "Color Space": "sRGB",
    "Green Component": 0.8784313725490196,
    "Red Component": 0.9607843137254902
  },
  "Cursor Guide Color": {
    "Alpha Component": 0.07,
    "Blue Component": 0.9568627450980393,
    "Color Space": "sRGB",
    "Green Component": 0.8392156862745098,
    "Red Component": 0.803921568627451
  },
  "Cursor Text Color": {
    "Alpha Component": 1,
    "Blue Component": 0.9568627450980393,
    "Color Space": "sRGB",
    "Green Component": 0.8392156862745098,
    "Red Component": 0.803921568627451
  },
  "Custom Command": "No",
  "Custom Directory": "No",
  "Default Bookmark": "No",
  "Description": "Default",
  "Disable Window Resizing": true,
  "Flashing Bell": false,
  "Foreground Color": {
    "Alpha Component": 1,
    "Blue Component": 0.9568627450980393,
    "Color Space": "sRGB",
    "Green Component": 0.8392156862745098,
    "Red Component": 0.803921568627451
  },
  "Guid": "9730D04A-E2C6-4F5A-9580-0A01C85A5B62",
  "Horizontal Spacing": 1,
  "Idle Code": 0,
  "Jobs to Ignore": [
    "rlogin",
    "ssh",
    "slogin",
    "telnet"
  ],
  "Keyboard Map": {
    "0x2d-0x40000": {
      "Action": 11,
      "Text": "0x1f"
    },
    "0x32-0x40000": {
      "Action": 11,
      "Text": "0x00"
    },
    "0x33-0x40000": {
      "Action": 11,
      "Text": "0x1b"
    },
    "0x34-0x40000": {
      "Action": 11,
      "Text": "0x1c"
    },
    "0x35-0x40000": {
      "Action": 11,
      "Text": "0x1d"
    },
    "0x36-0x40000": {
      "Action": 11,
      "Text": "0x1e"
    },
    "0x37-0x40000": {
      "Action": 11,
      "Text": "0x1f"
    },
    "0x38-0x40000": {
      "Action": 11,
      "Text": "0x7f"
    },
    "0xf700-0x220000": {
      "Action": 10,
      "Text": "[1;2A"
    },
    "0xf700-0x240000": {
      "Action": 10,
      "Text": "[1;5A"
    },
    "0xf700-0x260000": {
      "Action": 10,
      "Text": "[1;6A"
    },
    "0xf700-0x280000": {
      "Action": 11,
      "Text": "0x1b 0x1b 0x5b 0x41"
    },
    "0xf701-0x220000": {
      "Action": 10,
      "Text": "[1;2B"
    },
    "0xf701-0x240000": {
      "Action": 10,
      "Text": "[1;5B"
    },
    "0xf701-0x260000": {
      "Action": 10,
      "Text": "[1;6B"
    },
    "0xf701-0x280000": {
      "Action": 11,
      "Text": "0x1b 0x1b 0x5b 0x42"
    },
    "0xf702-0x220000": {
      "Action": 10,
      "Text": "[1;2D"
    },
    "0xf702-0x240000": {
      "Action": 10,
      "Text": "[1;5D"
    },
    "0xf702-0x260000": {
      "Action": 10,
      "Text": "[1;6D"
    },
    "0xf702-0x280000": {
      "Action": 11,
      "Text": "0x1b 0x1b 0x5b 0x44"
    },
    "0xf703-0x220000": {
      "Action": 10,
      "Text": "[1;2C"
    },
    "0xf703-0x240000": {
      "Action": 10,
      "Text": "[1;5C"
    },
    "0xf703-0x260000": {
      "Action": 10,
      "Text": "[1;6C"
    },
    "0xf703-0x280000": {
      "Action": 11,
      "Text": "0x1b 0x1b 0x5b 0x43"
    },
    "0xf704-0x20000": {
      "Action": 10,
      "Text": "[1;2P"
    },
    "0xf705-0x20000": {
      "Action": 10,
      "Text": "[1;2Q"
    },
    "0xf706-0x20000": {
      "Action": 10,
      "Text": "[1;2R"
    },
    "0xf707-0x20000": {
      "Action": 10,
      "Text": "[1;2S"
    },
    "0xf708-0x20000": {
      "Action": 10,
      "Text": "[15;2~"
    },
    "0xf709-0x20000": {
      "Action": 10,
      "Text": "[17;2~"
    },
    "0xf70a-0x20000": {
      "Action": 10,
      "Text": "[18;2~"
    },
    "0xf70b-0x20000": {
      "Action": 10,
      "Text": "[19;2~"
    },
    "0xf70c-0x20000": {
      "Action": 10,
      "Text": "[20;2~"
    },
    "0xf70d-0x20000": {
      "Action": 10,
      "Text": "[21;2~"
    },
    "0xf70e-0x20000": {
      "Action": 10,
      "Text": "[23;2~"
    },